TITLE OF VIDEO,URL,TOPIC
911 UNANSWERED PRAYER ON 911,https://www.youtube.com/watch?v=-N_e18xe9sE,911
2012 AND BEYOND SOCIETY WILL CHANGE,https://www.youtube.com/watch?v=3U5giKtF7QM,2012 & BEYOND
2012 AND BEYOND GATHERING STORM,https://www.youtube.com/watch?v=5U2WdqKgugs,2012 & BEYOND
2012 AND BEYOND EIGHT SPOKED WHEEL,https://www.youtube.com/watch?v=7gY6YT3JXm4,2012 & BEYOND
2012 AND BEYOND JESUS FACTOR,https://www.youtube.com/watch?v=A8_54M09jr4,2012 & BEYOND
2012 AND BEYOND OMEGA POINT,https://www.youtube.com/watch?v=DflegKlT8H4,2012 & BEYOND
2012 AND BEYOND DISEMBODIED MIND,https://www.youtube.com/watch?v=ecG9hktt7dc,2012 & BEYOND
2012 AND BEYOND WHAT'S IT ALL ABOUT,https://www.youtube.com/watch?v=G_mM85yC9yA,2012 & BEYOND
2012 AND BEYOND WINDS OF CHANGE,https://www.youtube.com/watch?v=H0XgxrzMEWc,2012 & BEYOND
2012 AND BEYOND HERE COMES THE SUN,https://www.youtube.com/watch?v=h3tScNpvl_E,2012 & BEYOND
2012 AND BEYOND COSMIC PASSOVER,https://www.youtube.com/watch?v=hLDV2q3k_l0,2012 & BEYOND
2012 AND BEYOND ALPHA & OMEGA,https://www.youtube.com/watch?v=lfhe9Etv1sQ,2012 & BEYOND
2012 AND BEYOND A WHOLE LOT OF SHAKING GOING ON,https://www.youtube.com/watch?v=mpgOVQ1Xwwc,2012 & BEYOND
2012 AND BEYOND THE GREAT CHANGE RIGHT HERE RIGHT NOW,https://www.youtube.com/watch?v=Ohbd6PKngxk,2012 & BEYOND
2012 AND BEYOND HELL AND BAPTISM,https://www.youtube.com/watch?v=qmO2tWkMbIs,2012 & BEYOND
"2012 AND BEYOND OUR WORLD TODAY, THE OMEGA POINT",https://www.youtube.com/watch?v=rBxx7waLWYA,2012 & BEYOND
2012 AND BEYOND ARE WE RESPONSIBLE ?,https://www.youtube.com/watch?v=SSaAbFMrOVg,2012 & BEYOND
2012 AND BEYOND OUR SECRET LIVES,https://www.youtube.com/watch?v=tiOnidpHQpU,2012 & BEYOND
2012 AND BEYOND COUNTDOWN,https://www.youtube.com/watch?v=tYU66ak1G5g,2012 & BEYOND
AHURA MAZDA,N/A,AHURA MAZDA
"ANGLES, ANGELS, AND CHANGE",https://www.youtube.com/watch?v=IVAezL3juB8,ANGELS
ANGELIC PETS,https://www.youtube.com/watch?v=fCTr6mfRj_M,ANIMALS
SAGITTARIUS 1,https://www.youtube.com/watch?v=2wY3J1w7xu0,ASTROLOGY & CONSTELLATIONS
CANCER,https://www.youtube.com/watch?v=7oq2LIfwH_c,ASTROLOGY & CONSTELLATIONS
LIBRA,https://www.youtube.com/watch?v=E0Jl3Y3tAGc,ASTROLOGY & CONSTELLATIONS
GEMINI,https://www.youtube.com/watch?v=e8ynE0CCVmI,ASTROLOGY & CONSTELLATIONS
PISCES THE FISH,https://www.youtube.com/watch?v=ErkqFriw3Qc,ASTROLOGY & CONSTELLATIONS
TAURUS,https://www.youtube.com/watch?v=EWRl1Oh4Roo,ASTROLOGY & CONSTELLATIONS
ARIES,https://www.youtube.com/watch?v=j-WzX4tH6Ps,ASTROLOGY & CONSTELLATIONS
CAPRICORN,https://www.youtube.com/watch?v=j35Xprj7-Pc,ASTROLOGY & CONSTELLATIONS
LEO,https://www.youtube.com/watch?v=jc-SQX32kI0,ASTROLOGY & CONSTELLATIONS
AQUARIUS,https://www.youtube.com/watch?v=rdrYqKLxFhM,ASTROLOGY & CONSTELLATIONS
VIRGO,https://www.youtube.com/watch?v=SAxaonQNYHA,ASTROLOGY & CONSTELLATIONS
SCORPIO,https://www.youtube.com/watch?v=uj1eVn-3pDs,ASTROLOGY & CONSTELLATIONS
SAGITTARIUS 2,https://www.youtube.com/watch?v=YfDytFVlfg0,ASTROLOGY & CONSTELLATIONS
ATOM AND EVE,https://www.youtube.com/watch?v=FJPgXl3DKuk,ATOM
MEDITATION OF DEATH,https://www.youtube.com/watch?v=99mOkQ7C_EM,BHAGAVAD GITA
ETERNAL SELF,N/A,BHAGAVAD GITA
"MY FRIEND, MY ENEMY, MYSELF",https://www.youtube.com/watch?v=CE9uPRboDkQ,BHAGAVAD GITA
THE CIRCLE,https://www.youtube.com/watch?v=EfotTbrG_LE,BHAGAVAD GITA
WATER LILY IS DRY,https://www.youtube.com/watch?v=F8EWssRNSf4,BHAGAVAD GITA
DON'T DO ANOTHERS DUTY,https://www.youtube.com/watch?v=Fw36Jx_mANg,BHAGAVAD GITA
NATURE COMPELS YOU TO ACT,https://www.youtube.com/watch?v=HECL-7iQ08E,BHAGAVAD GITA
CUP OF SOMA,https://www.youtube.com/watch?v=IpYWoCo95ag,BHAGAVAD GITA
THIS IS NO TIME TO QUIT,N/A,BHAGAVAD GITA
ETERNAL SECRET,https://www.youtube.com/watch?v=kknrb5bhjbI,BHAGAVAD GITA
ABSENT FROM THE BODY IN OM,https://www.youtube.com/watch?v=kMTiyQ6KpiA,BHAGAVAD GITA
BLUE BLACK BOY,https://www.youtube.com/watch?v=mwLRBvuRyd4,BHAGAVAD GITA
BHAGAVAD GITA REVIEW,https://www.youtube.com/watch?v=Oitzm_KzIgs,BHAGAVAD GITA
UNITY OF LIFE,https://www.youtube.com/watch?v=OK_7ormF6Y4,BHAGAVAD GITA
BEGINNING,https://www.youtube.com/watch?v=olfRJyaEOJE,BHAGAVAD GITA
SELF CONTROL,https://www.youtube.com/watch?v=qQuTsQH2hRI,BHAGAVAD GITA
THEY ACT TO BE SEEN,https://www.youtube.com/watch?v=vI8PttT7oGk,BHAGAVAD GITA
NATURE WILL NOURISH YOU,https://www.youtube.com/watch?v=wLRVyRQEu5s,BHAGAVAD GITA
MEDITATE ON ME,https://www.youtube.com/watch?v=XoaL12Qp998,BHAGAVAD GITA
RESULTS OF WHAT YOU DID,https://www.youtube.com/watch?v=Z7Cyxsawbp8,BHAGAVAD GITA
ME PLUS ME EQUALS YOU,https://www.youtube.com/watch?v=zBQmIrBTu7k,BHAGAVAD GITA
BHAGWAN WAR,N/A,BHAGWAN RAJNEESH
BIBLE AND COMMON SENSE,https://www.youtube.com/watch?v=-wnKtmahVGw,BIBLE
BIBLE MYTHS AND SYMBOLS,https://www.youtube.com/watch?v=26h63cYkFZI,BIBLE
BIBLICAL SYMBOLS,https://www.youtube.com/watch?v=26h63cYkFZI,BIBLE
BIBLE IS GREEK TO ME,https://www.youtube.com/watch?v=3oJ9KrcLJP8,BIBLE
BILL'S BIBLE HITS,https://www.youtube.com/watch?v=7d49OYUAxbY,BIBLE
BIBLE: SHOULD YOU BOTHER WITH IT ?,https://www.youtube.com/watch?v=bHdCpZCTcps,BIBLE
NUMEROLOGY AND THE BIBLE,N/A,BIBLE
BIBLE IS ALL ABOUT THE MIND,N/A,BIBLE
BIBLE AND THE BODY,https://www.youtube.com/watch?v=gFCKIjzN1ek,BIBLE
WHOSE FOOLING WHO,https://www.youtube.com/watch?v=Hl-4RN2YG30,BIBLE
BIBLE CONTRADICTIONS,N/A,BIBLE
WHO WROTE THIS STUFF,https://www.youtube.com/watch?v=M4ILUMxr7ys,BIBLE
WHAT THE BIBLE STORIES REALLY MEAN,https://www.youtube.com/watch?v=nHZiKqcIy4c,BIBLE
BIBLE: THE WORD OF WHO ?,https://www.youtube.com/watch?v=s4lEuuJTKy0,BIBLE
BIBLE WORD MEANINGS,https://www.youtube.com/watch?v=TEM-rXBh5_8,BIBLE
BIBLE IS NOT A LITERAL BOOK,N/A,BIBLE
IS THE BIBLE LOGICAL?,https://www.youtube.com/watch?v=xLbNojqyp5U,BIBLE
UFO'S IN THE BIBLE,https://www.youtube.com/watch?v=Z3XqdYbHutg,BIBLE
MISUNDERSTOOD BIBLE,N/A,BIBLE
A MATTER OF LOGIC,https://www.youtube.com/watch?v=zyscxkQbBlY,BIBLE
GROIN TO THE SKULL,https://www.youtube.com/watch?v=GmvUsITNYL0,BODY
PEGASUS IN THE HUMAN BODY,https://www.youtube.com/watch?v=KesaHtBO0j4,BODY
ELECTRO PERSON,https://www.youtube.com/watch?v=Cj0kOA7zkns,BODY
BIBLICAL TEMPLE IS THE BRAIN,https://www.youtube.com/watch?v=4Q2kzrozn-g,BRAIN
UNIVERSE BRAIN CONNECTION,https://www.youtube.com/watch?v=4U5iH06kHsk,BRAIN
PRAISE THE LORD WITH BRAIN MUSIC,https://www.youtube.com/watch?v=7A9qVqyvgAo,BRAIN
BRAIN AND TWELVE,https://www.youtube.com/watch?v=7q3WfXn4mjs,BRAIN
COMPUTER RAM IN THE BRAIN,https://www.youtube.com/watch?v=EZCR4wEbkeI,BRAIN
BRAIN BIBLE AND UNIVERSE,https://www.youtube.com/watch?v=fJ1OZWa93ps,BRAIN
UPSTAIRS IN THE BACK ROOM,https://www.youtube.com/watch?v=hHZfDeIhI84,BRAIN
REBUILDING OUR TEMPLE BRAIN,https://www.youtube.com/watch?v=J2NzZemg7AU,BRAIN
"BRAIN: PEGASUS, MUSES, AND YOUR BRAIN",https://www.youtube.com/watch?v=RFJgZWBFk_A,BRAIN
"UNIVERSE WEB, WORLD WEB, BRAIN WEB",https://www.youtube.com/watch?v=vd14aqNt2jI,BRAIN
OUR PYRAMID CHAMBER,https://www.youtube.com/watch?v=vJGjco2XfGk,BRAIN
"WORDS, BIBLE, AND BRAINS",https://www.youtube.com/watch?v=XmFYMlM-iUo,BRAIN
DRUGS IN THE BIBLE & IN THE BRAIN,N/A,BRAIN
THIRD FLOOR TEMPLE BRAIN,https://www.youtube.com/watch?v=z8MfBcwS0a0,BRAIN
CAUSE AND EFFECT,https://www.youtube.com/watch?v=_EKUYMkF09U,BUDDHA
EAST VS WEST,https://www.youtube.com/watch?v=-DGYio-j570,BUDDHA
OH MY MIND,https://www.youtube.com/watch?v=0hi65h37yz8,BUDDHA
TEN WORLDS OF THE MIND,https://www.youtube.com/watch?v=3k3CsY9Nk6g,BUDDHA
VOICE OF PEACE,https://www.youtube.com/watch?v=5Q2eA0Z4Awc,BUDDHA
PHILOSOPHY,N/A,BUDDHA
POOR MARY,https://www.youtube.com/watch?v=5Wz45nIoZ0M,BUDDHA
CHRISTIANITY FROM BUDDHISM,https://www.youtube.com/watch?v=6MaaPLPX7DI,BUDDHA
BREAKING THE CHAIN,https://www.youtube.com/watch?v=9N27KZMdP-k,BUDDHA
THREE TRUTHS,https://www.youtube.com/watch?v=9ywBIh-5deY,BUDDHA
RAPTURE MANY HAVE MISSED,https://www.youtube.com/watch?v=AQ_qEgI0XD0,BUDDHA
WORLD OF HELL,https://www.youtube.com/watch?v=cZO8uVXoUXM,BUDDHA
TEACHINGS OF BUDDHA,https://www.youtube.com/watch?v=dzoyv7lBXuw,BUDDHA
WHICH ONE ARE YOU,https://www.youtube.com/watch?v=ErgVuFb2kZY,BUDDHA
ANIMAL IN US,https://www.youtube.com/watch?v=J4vL05BKZvA,BUDDHA
SUFFERING,https://www.youtube.com/watch?v=jCw8gkqJ_Uw,BUDDHA
MIND OF THE KNIFE,https://www.youtube.com/watch?v=kT_bDQxa6_4,BUDDHA
ONENESS,https://www.youtube.com/watch?v=NpMdk9EwhBk,BUDDHA
HUNGER,https://www.youtube.com/watch?v=otOs5Mr2Mxc,BUDDHA
WHEN DECENT PEOPLE GET HURT,https://www.youtube.com/watch?v=tCoF029ZPiI,BUDDHA
I BELIEVE IN ME,https://www.youtube.com/watch?v=tWk9PMc9XYo,BUDDHA
HAPPINESS,https://www.youtube.com/watch?v=XbBwbWbHlYI,BUDDHA
WORLD OF TRANQUILITY,https://www.youtube.com/watch?v=YHydg3MdYFw,BUDDHA
ZEN,https://www.youtube.com/watch?v=Z7DUMWYNRtw,BUDDHA
SEVEN CHAKRAS,https://www.youtube.com/watch?v=xzzf2jbtQC0,CHAKRAS
COLOR DOES NOT EXIST,https://www.youtube.com/watch?v=uUR7WJSeBMU,COLOR
THE COPTICS,https://www.youtube.com/watch?v=bQGWD-XtUfU,COPTICS
LOOKING BEYOND,https://www.youtube.com/watch?v=_Lp7ta2SwJM,DEATH
COMMUNICATING WITH THE DEAD,N/A,DEATH
LIFE AFTER DEATH,https://www.youtube.com/watch?v=7CF6HmZohXY,DEATH
DEATH: CONTACT WITH THE OTHER SIDE,https://www.youtube.com/watch?v=7DGxwLLCZ7I,DEATH
WHAT HAPPENS AT DEATH,N/A,DEATH
"DEATH, LIFE, AND LIGHT",https://www.youtube.com/watch?v=FPGdJkA3xYg,DEATH
TALKING WITH THE DEAD PART 2,N/A,DEATH
TALKING WITH THE DEAD PART 1,https://www.youtube.com/watch?v=hwNZVisNPvI,DEATH
"MANY DEAD BODIES, NO DEAD PEOPLE",https://www.youtube.com/watch?v=JaqIFFPdbJg,DEATH
DYING AND SLEEPING ARE THE SAME,https://www.youtube.com/watch?v=qTXrykh5uGk,DEATH
DEATH AND TRANSFIGURATION,https://www.youtube.com/watch?v=SDNloTDPL6Q,DEATH
SEANCE THE WOMAN IN WHITE,N/A,DEATH
AT DEATHS DOOR,https://www.youtube.com/watch?v=X9BZRG9mCtE,DEATH
"IS THE OLD TESTAMENT GOD, SATAN PART 1",https://www.youtube.com/watch?v=62QNG71djpA,DEVIL SATAN
THE DEVIL MADE ME DO IT,https://www.youtube.com/watch?v=cmOZiNGyT3A,DEVIL SATAN
SATAN AND THE MIND,https://www.youtube.com/watch?v=d1HDs2VwO7o,DEVIL SATAN
"IS THE OLD TESTAMENT GOD, SATAN PART 2",https://www.youtube.com/watch?v=hmmEB40O96Y,DEVIL SATAN
HAIL SAINT DEVIL,https://www.youtube.com/watch?v=Nfo4nZKsrC4,DEVIL SATAN
DEMIGODS AND DEMONS,https://www.youtube.com/watch?v=sb-oAykZmfk,DEVIL SATAN
CREATION OF THE DEVIL,https://www.youtube.com/watch?v=UGg2P0vo6A0,DEVIL SATAN
"DEVILS, DEMONS, DUMMIES",https://www.youtube.com/watch?v=UxekbvNPiwQ,DEVIL SATAN
DNA: COSMIC INSTINCT DNA,https://www.youtube.com/watch?v=hUz_VDpkohQ,DNA
DNA: BIONIC GENE,https://www.youtube.com/watch?v=KTvvZN7oqi0,DNA
SWEET DREAMS AND THE NIGHT CRUSHER,N/A,DREAMS
DREAMING IN A PARALLEL PLACE,https://www.youtube.com/watch?v=mXKh_efQDtI,DREAMS
LIGHT FROM THE DESERT,https://www.youtube.com/watch?v=1CS3q-tCcwM,EAST
TAO OF THE ORIENT,https://www.youtube.com/watch?v=4eaxXhcHHLM,EASTERN
SECRETS OF THE NILE,https://www.youtube.com/watch?v=arYCMLhCNJ4,EGYPT
GOD AND WE ARE ELECTRIC,https://www.youtube.com/watch?v=c12zLGyB7nA,ELECTRO MAGNETIC
ELECTRO PERSON,https://www.youtube.com/watch?v=Cj0kOA7zkns,ELECTRO MAGNETIC
"ELECTRIC SKY, BRAIN, AND YOU",https://www.youtube.com/watch?v=gp8D2rl2qUg,ELECTRO MAGNETIC
THROWING THE SWITCH TURNS YOU ON,https://www.youtube.com/watch?v=XS7xyvuh0Us,ELECTRO MAGNETIC
WE ARE ELECTRICAL APPLIANCES,https://www.youtube.com/watch?v=YGxjrzgTThU,ELECTRO MAGNETIC
EMERALD TABLET FEAR & THE EMERALD TABLET,https://www.youtube.com/watch?v=2fniluDzJlo,EMERALD TABLETS
"EMERALD TABLETS THE ANCIENT, AND THE ASTRO CHRIST",N/A,EMERALD TABLETS
EMERALD TABLETS JESUS CLOSE ALIEN FRIEND,N/A,EMERALD TABLETS
EMERALD TABLETS DARK BROTHERS,https://www.youtube.com/watch?v=hUe55SlsefA,EMERALD TABLETS
EMERALD TABLETS IS JESUS AN ALIEN,https://www.youtube.com/watch?v=ibws6wkVCZ0,EMERALD TABLETS
EMERALD TABLETS HERMES,https://www.youtube.com/watch?v=J8D5TIxZEng,EMERALD TABLETS
EMERALD TABLETS UFO COMMANDER AND CHRIST,https://www.youtube.com/watch?v=LM9yezr4rBM,EMERALD TABLETS
EMERALD TABLETS THOTH AND JESUS,N/A,EMERALD TABLETS
EMERALD TABLETS 64 TETRAHEDRON,https://www.youtube.com/watch?v=rQQ28RkExVY,EMERALD TABLETS
EMERALD TABLETS: ALIEN INVASION ?,https://www.youtube.com/watch?v=TKZkvAiHPsk,EMERALD TABLETS
EMERALD TABLETS KHEM TO KABBALA,https://www.youtube.com/watch?v=uO5ejV8nX74,EMERALD TABLETS
EMERALD TABLETS ALIEN WRITER,N/A,EMERALD TABLETS
EXODUS PRIEST AND SEVEN DAUGHTERS,N/A,EXODUS
EXODUS HEAVY HANDED MOSES,https://www.youtube.com/watch?v=2sWQLKu8LeM,EXODUS
EXODUS WHY GOD TRIED TO KILL MOSES,https://www.youtube.com/watch?v=3zdFYZH6IN8,EXODUS
EXODUS PASSOVER,https://www.youtube.com/watch?v=AROV1qg_UXY,EXODUS
EXODUS THE RED SEA YOUR ESCAPE ROUTE,https://www.youtube.com/watch?v=bz-PiAK450g,EXODUS
AARON'S ROD BUDS ALMONDS IN OUR BRAIN,https://www.youtube.com/watch?v=E6ZWaqnr4uM,EXODUS
EXODUS SLAUGHTER OF THE INNOCENTS,https://www.youtube.com/watch?v=HJFyFdeCb7g,EXODUS
EXODUS THE BUSH TALKS AND ITS NOT GEORGE,N/A,EXODUS
EXODUS RULES AND REGULATIONS,https://www.youtube.com/watch?v=Ksg77JRpNkE,EXODUS
DEVIL WATER,https://www.youtube.com/watch?v=nZw2fsGJJeM,EXODUS
EXODUS MANNA COTTI,https://www.youtube.com/watch?v=PNyJBbDoNtg,EXODUS
EXODUS DOORWAY TO FREEDOM,https://www.youtube.com/watch?v=RbsfAndFvWg,EXODUS
EXODUS ROD SPINE EQUALS SERPENT KUNDALINI,https://www.youtube.com/watch?v=VUV_Xtzz3CQ,EXODUS
EXODUS WATER FROM THE ROCK,https://www.youtube.com/watch?v=XBSpYlq-u10,EXODUS
EXODUS FROGS BLOOD AND HAIL,https://www.youtube.com/watch?v=yAKrv2pmn2E,EXODUS
GAY MARRIAGE KING JAMES & JESUS,https://www.youtube.com/watch?v=_t-1wWHwOLo,GAYS HOMOSEXUALS
GAY LIFE,https://www.youtube.com/watch?v=7vzPkZWEAxI,GAYS HOMOSEXUALS
"GAYS, GOD, AND THE BIBLE",https://www.youtube.com/watch?v=A9ZGG4pf3BU,GAYS HOMOSEXUALS
HOMOSEXUALITY,https://www.youtube.com/watch?v=cqDst-Pv2F4,GAYS HOMOSEXUALS
GHOSTS,https://www.youtube.com/watch?v=gwdPdCSe60Q,GHOSTS
WHAT ABOUT GHOSTS,https://www.youtube.com/watch?v=Odvj6HQqDaQ,GHOSTS
GOD IS NOT A NICE PERSON,https://www.youtube.com/watch?v=-dCo6MVEUUA,GOD
IS THERE PROOF ?,https://www.youtube.com/watch?v=fbzRBj_KNFo,GOD
GOD: A REASONABLE GOD,https://www.youtube.com/watch?v=kxC9Pew3jXw,GOD
HEALING: RELIGIOUS AND NEW AGE HEALING,https://www.youtube.com/watch?v=Za3cwgE4k4Q,HEALING
ROUNDTABLE 2,N/A,HIDDEN MEANINGS
QUESTIONS FROM YOU TO ME,https://www.youtube.com/watch?v=8S0VtNwAssA,HIDDEN MEANINGS
HIDDEN MEANINGS,https://www.youtube.com/watch?v=cArsejMSqbU,HIDDEN MEANINGS
HIDDEN MEANINGS HOW IT BEGAN,https://www.youtube.com/watch?v=jYp7VMe1SY0,HIDDEN MEANINGS
ROUNDTABLE 1,N/A,HIDDEN MEANINGS
PROVING THE MESSAGE,https://www.youtube.com/watch?v=swNS_xW4BYY,HIDDEN MEANINGS
"SO LONG CHARLES, A FRIEND OF HIDDEN MEANINGS LEAVES",https://www.youtube.com/watch?v=vEwIqzZDbUE,HIDDEN MEANINGS
ROUNDTABLE 3,https://www.youtube.com/watch?v=xagDL6bi-uw,HIDDEN MEANINGS
WHO IS PLAYING YOUR PART ?,https://www.youtube.com/watch?v=95ObERGK8iI,HUMAN BEINGS
WHO ARE WE REALLY,https://www.youtube.com/watch?v=athYDKrZiAM,HUMAN BEINGS
ALL ABOUT YOU AND ME,https://www.youtube.com/watch?v=RvbfMACqK8w,HUMAN BEINGS
MADE IN THE IMAGE OF MOM AND DAD,https://www.youtube.com/watch?v=U9IlpbXQQd0,HUMAN BEINGS
ALLAH PART 1,N/A,ISLAM
ALLAH PART 2,https://www.youtube.com/watch?v=tQKacYNfIdk,ISLAM
UNDERSTANDING ALLAH,N/A,ISLAM
JOSEPH THE CHILD WILL NOT GO,https://www.youtube.com/watch?v=d47F3Fh57q4,JOSEPH AND THE COAT OF MANY COLORS
JOSEPHS COLOR COAT BUTLER AND BAKER,https://www.youtube.com/watch?v=ljc3HIpG5Rk,JOSEPH AND THE COAT OF MANY COLORS
JOSEPH THE SILVER CUP,https://www.youtube.com/watch?v=nDfiKrE0u8s,JOSEPH AND THE COAT OF MANY COLORS
"JOSEPH SEX, DRUGS, AND THE SPOTTED COW",https://www.youtube.com/watch?v=NQXCn0CGyRg,JOSEPH AND THE COAT OF MANY COLORS
JOSEPH BRING THE CHILD,https://www.youtube.com/watch?v=q6hDxLrdOfI,JOSEPH AND THE COAT OF MANY COLORS
JOSEPHS COAT: ONE SUN GOD,https://www.youtube.com/watch?v=VB1hnHNFbos,JOSEPH AND THE COAT OF MANY COLORS
JOSEPH JESUS AND THE SUN,https://www.youtube.com/watch?v=VIYxjAvQ4l0,JOSEPH AND THE COAT OF MANY COLORS
JOSEPH THE CHILD COMES FORTH,https://www.youtube.com/watch?v=yUtgWo1GRj4,JOSEPH AND THE COAT OF MANY COLORS
JOSEPHS COAT OF MANY COLORS,https://www.youtube.com/watch?v=zP102uvVhiE,JOSEPH AND THE COAT OF MANY COLORS
SEXUAL REPRESSION,N/A,CARL JUNG
KUNDALINI,https://www.youtube.com/watch?v=4CqxxIKiNII,KUNDALINI
SECRET SERPENT,https://www.youtube.com/watch?v=Hq57zm905OE,KUNDALINI
LAO TZU: QUIT MEDDLING,https://www.youtube.com/watch?v=cNXGufX5pDo,LAO TZU
LIFES PURPOSE AND WHY WE ARE HERE,https://www.youtube.com/watch?v=5nTqLU8yXJY,LIFE
LAW OF LOVE,https://www.youtube.com/watch?v=Av9N0BuehPo,LOVE
WHAT IS LOVE ?,https://www.youtube.com/watch?v=GQXnSfPgXKA,LOVE
MEDITATION,https://www.youtube.com/watch?v=c22ygxxfYVk,MEDITATION
TOUCH THEM,https://www.youtube.com/watch?v=EiApJWFstxQ,MEDITATION
COME TO THE GARDEN IN YOU,https://www.youtube.com/watch?v=JADZtZv4SWw,MEDITATION
MEDITATION AND WATCHERS OF LIGHT,N/A,MEDITATION
A NEW YOU PART 2,N/A,MIND
CROSS OF THE MIND,https://www.youtube.com/watch?v=5FshyZmw4kE,MIND
LET'S GO TO WAR,https://www.youtube.com/watch?v=8kENM6M0ZKk,MIND
THE CITY IS OPEN,https://www.youtube.com/watch?v=adWUt_KQr6Y,MIND
STRANGE STORIES FOR YOUR MIND,https://www.youtube.com/watch?v=aePD4wEynKA,MIND
GARBAGE PILES UP,https://www.youtube.com/watch?v=ajV2TwSP7Q4,MIND
MIND POWER,N/A,MIND
A NEW YOU PART 1,https://www.youtube.com/watch?v=CNWPA9fiEo4,MIND
WHO ARE YOU ?,N/A,MIND
COLLECTIVE MIND,https://www.youtube.com/watch?v=dQ2bYZoqAgs,MIND
WHAT IS REALITY ?,https://www.youtube.com/watch?v=Hg4S9mdgbJE,MIND
FORCE WITHIN YOU,N/A,MIND
AN AUTOPSY ON YOU,https://www.youtube.com/watch?v=kh2QTnO0NG4,MIND
COSMIC LAW,https://www.youtube.com/watch?v=l661_UFmPDc,MIND
LIGHT ME UP,https://www.youtube.com/watch?v=liGKDiLwb_g,MIND
STRANGE VOICES IN OUR HEAD,N/A,MIND
STRANGE STORIES FOR YOUR HEAD,N/A,MIND
SHADOW KNOWS,N/A,MIND
DARK MOTHER,https://www.youtube.com/watch?v=SE-EaP1rjv0,MIND
ELVIS HAS NOT LEFT THE BUILDING,N/A,MIND
STRANGER UPSTAIRS,https://www.youtube.com/watch?v=wCY2uriWebw,MIND
VOICES IN A WET HEAD,https://www.youtube.com/watch?v=wlJu9KewUY8,MIND
MIND CHANGE AND OM,https://www.youtube.com/watch?v=YA-bDzudYfM,MIND
TORNADOS OF THE MIND,N/A,MIND
STOKE THE BRAIN FURNACE,https://www.youtube.com/watch?v=yoZUd_WmMw0,MIND
CONSCIOUS NOTHING,https://www.youtube.com/watch?v=Yz_GCmQwNr0,MIND
YOUR SUCCESS DOOR IS LOCKED,https://www.youtube.com/watch?v=ZwWy5iJFEcg,MIND
SOUND OF MUSIC,https://www.youtube.com/watch?v=2nEEnCOhiDk,MUSIC
PLATO: WHAT IS TRUTH? ASK PLATO,https://www.youtube.com/watch?v=-E4pwKitN3U,MYTHOLOGY
PEGASUS TO APOLLO,https://www.youtube.com/watch?v=-jxSZpKQkxo,MYTHOLOGY
MONSTER EATS HIS CHILDREN,https://www.youtube.com/watch?v=4tzr1e8ZS8w,MYTHOLOGY
ALICE IN MUSHROOMLAND,https://www.youtube.com/watch?v=6zfg50gzzfU,MYTHOLOGY
HARMONY OF APOLLO,https://www.youtube.com/watch?v=7r-EhoUuR6U,MYTHOLOGY
ELUSIAN MYSTERY,https://www.youtube.com/watch?v=8u8LjR9yREw,MYTHOLOGY
PLATO: CHAINED TO A DARK WALL,https://www.youtube.com/watch?v=dM8f2aZA6xA,MYTHOLOGY
IS GOD A GUY NAMED FRED,https://www.youtube.com/watch?v=Gv3DOQDojOk,MYTHOLOGY
KEY AND THE FIREBIRD,https://www.youtube.com/watch?v=h7f-vlSiaJE,MYTHOLOGY
PHOENIX,N/A,MYTHOLOGY
HEY ZEUS,https://www.youtube.com/watch?v=Jkdl8UnNKu0,MYTHOLOGY
RELIGION TAKES MYTHOLOGY LITERALLY,https://www.youtube.com/watch?v=Kon_S3Af9Bc,MYTHOLOGY
GODS OF MYTHOLOGY,https://www.youtube.com/watch?v=ojOclV_lJ0k,MYTHOLOGY
JESUS TWIN MITHRA,https://www.youtube.com/watch?v=qBNKS5IftHo,MYTHOLOGY
BIG FIN HALF MAN HALF FISH,https://www.youtube.com/watch?v=RU7TWKsWH-8,MYTHOLOGY
ELYSIUM,https://www.youtube.com/watch?v=s4MZzVzGjnw,MYTHOLOGY
CHARONS BOAT HAS LEFT,https://www.youtube.com/watch?v=UP2SCgEsapw,MYTHOLOGY
NARCISSUS AND ECHO,https://www.youtube.com/watch?v=W31aLAzkEQo,MYTHOLOGY
MANY CRUCIFIED SAVIORS,https://www.youtube.com/watch?v=WsAfZZJlkcU,MYTHOLOGY
JUNG: THE WARS INSIDE OF OUR MINDS,N/A,NOT UPLOADED AS OF YET
UNDERSTANDING YOURSELF,https://www.youtube.com/watch?v=EbKUwQxWg0A,
HE COMES IN CLOUDS,N/A,NOT UPLOADED AS OF YET
LASER ANGEL,N/A,NOT UPLOADED AS OF YET
BHAGAVAD GITA IN POSITION,N/A,NOT UPLOADED AS OF YET
BHAGAVAD GITA ENDEAVOR IS NEVER WASTED,N/A,NOT UPLOADED AS OF YET
BHAGAVAD GITA SPIRIT KILLS NOT,N/A,NOT UPLOADED AS OF YET
BHAGAVAD GITA THE TORTOISE WITHDRAWS,N/A,NOT UPLOADED AS OF YET
BHAGAVAD GITA RISE ABOVE THEM ALL,N/A,NOT UPLOADED AS OF YET
BHAGAVAD GITA FOOD IS THE PRODUCT OF RAIN,N/A,NOT UPLOADED AS OF YET
BHAGAVAD GITA WHAT ARE QUALITIES,N/A,NOT UPLOADED AS OF YET
BHAGAVAD GITA AT LAST IT WAS FORGOTTEN,N/A,NOT UPLOADED AS OF YET
BHAGAVAD GITA BORN AGAIN BLUES,N/A,NOT UPLOADED AS OF YET
BHAGAVAD GITA ACTION AND INACTION,N/A,NOT UPLOADED AS OF YET
BHAGAVAD GITA EXPECT NOTHING,N/A,NOT UPLOADED AS OF YET
BHAGAVAD GITA CONSUMED BY FIRE,N/A,NOT UPLOADED AS OF YET
BHAGAVAD GITA ACTION TO REALIZATION,N/A,NOT UPLOADED AS OF YET
BHAGAVAD GITA THE FERRY BOAT OF WISDOM,N/A,NOT UPLOADED AS OF YET
BHAGAVAD GITS: TWO AS ONE,N/A,NOT UPLOADED AS OF YET
BHAGAVAD GITA WAR,N/A,NOT UPLOADED AS OF YET
BHAGAVAD GITA CONQUER YOUR ENEMIES,N/A,NOT UPLOADED AS OF YET
BHAGAVAD GITA GOD WILL NOT TAKE THE BLAME,N/A,NOT UPLOADED AS OF YET
BHAGAVAD GITA ITS ME,N/A,NOT UPLOADED AS OF YET
FILTHY STAY FILTHY,N/A,NOT UPLOADED AS OF YET
UNPREDICTABLE URANUS,N/A,NOT UPLOADED AS OF YET
JESUS VS THE RELIGIOUS,N/A,NOT UPLOADED AS OF YET
TITHING: HANG ON TO YOUR WALLET,N/A,NOT UPLOADED AS OF YET
URANUS IN ARIES,N/A,NOT UPLOADED AS OF YET
ALL ABOUT KRISHNA,N/A,NOT UPLOADED AS OF YET
LET'S TALK ABOUT KRISHNA,N/A,NOT UPLOADED AS OF YET
URANUS IN CAPRICORN,N/A,NOT UPLOADED AS OF YET
EASTER YOU HAVE NOT HEARD ABOUT,N/A,NOT UPLOADED AS OF YET
URANUS IN PISCES,N/A,NOT UPLOADED AS OF YET
WHAT HAS REVELATION REVEALED,N/A,NOT UPLOADED AS OF YET
ZOROASTER AND US,N/A,NOT UPLOADED AS OF YET
COSMIC CHRIST,N/A,NOT UPLOADED AS OF YET
JESUS HIDDEN MEANINGS,N/A,NOT UPLOADED AS OF YET
BHAGAVAD GITA IN POSITION,N/A,NOT UPLOADED AS OF YET
MAY THE FORCE BE WITH YOU,N/A,NOT UPLOADED AS OF YET
BHAGAVAD GITA ENDEAVOR IS NEVER WASTED,N/A,NOT UPLOADED AS OF YET
PROVING GOD IN SCIENCE,N/A,NOT UPLOADED AS OF YET
MATT24 NO DOOM OR GLOOM,N/A,NOT UPLOADED AS OF YET
BUDDHA THE BEGINNING,N/A,NOT UPLOADED AS OF YET
GODS CHOSEN PEOPLE,N/A,NOT UPLOADED AS OF YET
MATT 24 FAMINE,N/A,NOT UPLOADED AS OF YET
MATT 24 THIS MUST HAPPEN,N/A,NOT UPLOADED AS OF YET
BHAGAVAD GITA SPIRIT KILLS NOT,N/A,NOT UPLOADED AS OF YET
BHAGAVAD GITA THE TORTOISE WITHDRAWS,N/A,NOT UPLOADED AS OF YET
JESUS LEFT RELIGION,N/A,NOT UPLOADED AS OF YET
STARS FELL FROM HEAVEN,N/A,NOT UPLOADED AS OF YET
BHAGAVAD GITA RISE ABOVE THEM ALL,N/A,NOT UPLOADED AS OF YET
RISE ABOVE IT ALL,N/A,NOT UPLOADED AS OF YET
SIGN OF THE SON OF MAN,N/A,NOT UPLOADED AS OF YET
BHAGAVAD GITA WAR,N/A,NOT UPLOADED AS OF YET
BUDDHA THE TEN WORLDS,N/A,NOT UPLOADED AS OF YET
JESUS THE ESSENE,N/A,NOT UPLOADED AS OF YET
JOAN AND JONI ASTROLOGY,N/A,NOT UPLOADED AS OF YET
JESUS ON REINCARNATION,N/A,NOT UPLOADED AS OF YET
BHAGAVAD GITA FOOD IS THE PRODUCT OF RAIN,N/A,NOT UPLOADED AS OF YET
THIS MUST HAPPEN BEFORE THE END,N/A,NOT UPLOADED AS OF YET
BHAGAVAD GITA WHAT ARE QUALITIES,N/A,NOT UPLOADED AS OF YET
JOAN AND JONI ASTROLOGY PART 4,N/A,NOT UPLOADED AS OF YET
BHAGAVAD GITA AT LAST IT WAS FORGOTTEN,N/A,NOT UPLOADED AS OF YET
BUDDHA ANGER,N/A,NOT UPLOADED AS OF YET
AT LAST IT WAS FORGOTTEN,N/A,NOT UPLOADED AS OF YET
NATURE OF THE SOUL,N/A,NOT UPLOADED AS OF YET
BHAGAVAD GITA BORN AGAIN BLUES,N/A,NOT UPLOADED AS OF YET
FAITHFUL SERVANT,N/A,NOT UPLOADED AS OF YET
JOAN AND JONI ASTROLOGY,N/A,NOT UPLOADED AS OF YET
BHAGAVAD GITA ACTION AND INACTION,N/A,NOT UPLOADED AS OF YET
SCIENCE AND SPIRIT,N/A,NOT UPLOADED AS OF YET
BHAGAVAD GITA EXPECT NOTHING,N/A,NOT UPLOADED AS OF YET
TEN VIRGINS,N/A,NOT UPLOADED AS OF YET
ETERNAL ALTAR,N/A,NOT UPLOADED AS OF YET
BHAGAVAD GITA CONSUMED BY FIRE,N/A,NOT UPLOADED AS OF YET
MATT DOUBLE OR NOTHING,N/A,NOT UPLOADED AS OF YET
BHAGAVAD GITA ACTION TO REALIZATION,N/A,NOT UPLOADED AS OF YET
BUDDHA LEARNING,N/A,NOT UPLOADED AS OF YET
NEW AGE VS OLD AGE,N/A,NOT UPLOADED AS OF YET
THE SHADOW,N/A,NOT UPLOADED AS OF YET
BHAGAVAD GITA THE FERRY BOAT OF WISDOM,N/A,NOT UPLOADED AS OF YET
SUN COMES IN GLORY,N/A,NOT UPLOADED AS OF YET
WEEDS OF THE MIND,N/A,NOT UPLOADED AS OF YET
BUDDHA BODISATTVA,N/A,NOT UPLOADED AS OF YET
JUNG THE MEANING OF DREAMS,N/A,NOT UPLOADED AS OF YET
BEHIND THE WORDS,N/A,NOT UPLOADED AS OF YET
BUDDHA BUDDHAHOOD,N/A,NOT UPLOADED AS OF YET
BHAGAVAD GITS: TWO AS ONE,N/A,NOT UPLOADED AS OF YET
TWO AS ONE,N/A,NOT UPLOADED AS OF YET
REVELATION I WILL KILL HER CHILDREN,N/A,NOT UPLOADED AS OF YET
ASCENSION OF THE BUDDHA,N/A,NOT UPLOADED AS OF YET
BUDDHA THREE POISONS,N/A,NOT UPLOADED AS OF YET
POOR BIRD HAS DIED,N/A,NOT UPLOADED AS OF YET
BHAGAVAD GITA GOD WILL NOT TAKE THE BLAME,N/A,NOT UPLOADED AS OF YET
SEVEN CHAKRAS AND OM,N/A,NOT UPLOADED AS OF YET
SCORPIO AND 30 DEGREES,N/A,NOT UPLOADED AS OF YET
SHADOW IS YOUR NEIGHBOR,N/A,NOT UPLOADED AS OF YET
OUR MOTHER THE EARTH,N/A,NOT UPLOADED AS OF YET
THE GENIE IN YOUR MIND,N/A,NOT UPLOADED AS OF YET
BUDDHA E=MC2,N/A,NOT UPLOADED AS OF YET
CAYCE SUBLIMINAL SUGGESTIONS,N/A,NOT UPLOADED AS OF YET
ZODIAC,N/A,NOT UPLOADED AS OF YET
JUNG RELIGION VS TRUTH,N/A,NOT UPLOADED AS OF YET
BUDDHA THREE TRUTHS,N/A,NOT UPLOADED AS OF YET
BHAGAVAD GITA ITS ME,N/A,NOT UPLOADED AS OF YET
JESUS THE SUN,N/A,NOT UPLOADED AS OF YET
STUDY HIM FOLLOW THEM,N/A,NOT UPLOADED AS OF YET
HOLY GHOST,N/A,NOT UPLOADED AS OF YET
MYTHICAL ONE DOLLAR BILL,N/A,NOT UPLOADED AS OF YET
TWO WITNESSES DO NOT UNDERSTAND,N/A,NOT UPLOADED AS OF YET
SEVEN CHURCHES,N/A,NOT UPLOADED AS OF YET
TURN YOUR RADIO ON,N/A,NOT UPLOADED AS OF YET
BUDDHA YOUR ENVIRONMENT,N/A,NOT UPLOADED AS OF YET
CROSS CRUCIFIXION,N/A,NOT UPLOADED AS OF YET
REVELATION A DOOR OPENS IN YOU,N/A,NOT UPLOADED AS OF YET
CHRISTMAS BIRTH,N/A,NOT UPLOADED AS OF YET
COILED SERPENT,N/A,NOT UPLOADED AS OF YET
TALK ABOUT BUDDHA,N/A,NOT UPLOADED AS OF YET
BRAIN BIBLE AND UNIVERSE,N/A,NOT UPLOADED AS OF YET
"UNIVERSE, BRAIN, MEDITATION",N/A,NOT UPLOADED AS OF YET
HAIL SAINT DEVIL,N/A,NOT UPLOADED AS OF YET
BUDDHA BOTTOM OF THE 9TH,N/A,NOT UPLOADED AS OF YET
NO PLACE LIKE HOME,N/A,NOT UPLOADED AS OF YET
I LOVE ME,N/A,NOT UPLOADED AS OF YET
BUDDHA NAM,N/A,NOT UPLOADED AS OF YET
PARENTS: START OF TROUBLE,N/A,NOT UPLOADED AS OF YET
"CAMPBELL JOSEPH, HEARTBEAT UNIVERSE BEAT",N/A,NOT UPLOADED AS OF YET
HEARTBEAT UNIVERSE BEAT,N/A,NOT UPLOADED AS OF YET
PROPHET OF ISLAM,N/A,NOT UPLOADED AS OF YET
WHO IS THE HOLY ONE,N/A,NOT UPLOADED AS OF YET
WHERE DID HE GO,N/A,NOT UPLOADED AS OF YET
GOD RELIGION AND UFO'S,N/A,NOT UPLOADED AS OF YET
KNOW YOURSELF,N/A,NOT UPLOADED AS OF YET
MIND AND MYSTERY,N/A,NOT UPLOADED AS OF YET
JACOBS DECEIT,N/A,NOT UPLOADED AS OF YET
MOSES,N/A,NOT UPLOADED AS OF YET
EXODUS THE WAY OUT,N/A,NOT UPLOADED AS OF YET
WHAT IS CHRISTMAS?,N/A,NOT UPLOADED AS OF YET
MATTHEWS GREATEST HITS,N/A,NOT UPLOADED AS OF YET
TITHING SPIRITUAL EXTORTION,N/A,NOT UPLOADED AS OF YET
JOSEPH REVEALS HIMSELF,N/A,NOT UPLOADED AS OF YET
COUNT THE COST,N/A,NOT UPLOADED AS OF YET
JOSEPH FIRST FOUR SIGNS,N/A,NOT UPLOADED AS OF YET
JOSEPH THE END OF THE STORY,N/A,NOT UPLOADED AS OF YET
BHAGWAN LAW OF LOVE,N/A,NOT UPLOADED AS OF YET
FIRE ON THE MOUNTAIN,N/A,NOT UPLOADED AS OF YET
CHRISTMAS TRADITIONS,N/A,NOT UPLOADED AS OF YET
RAM HEAD SUN GOD,N/A,NOT UPLOADED AS OF YET
OPEN EYE,N/A,NOT UPLOADED AS OF YET
FOURTH PLANET,N/A,NOT UPLOADED AS OF YET
PURPOSE,N/A,NOT UPLOADED AS OF YET
PLANET FINDERS BOOTES,N/A,NOT UPLOADED AS OF YET
PLANET 6 CHAINED WOMAN,N/A,NOT UPLOADED AS OF YET
RED PLANET MARS,N/A,NOT UPLOADED AS OF YET
RED PLANET MARS 2,N/A,NOT UPLOADED AS OF YET
MAN ON THE BENCH,N/A,NOT UPLOADED AS OF YET
PLANET 8 THE SWAN,N/A,NOT UPLOADED AS OF YET
DEEP IN THE EARTH,N/A,NOT UPLOADED AS OF YET
DEAD PRINCESS,N/A,NOT UPLOADED AS OF YET
ONE STEP BEYOND,N/A,NOT UPLOADED AS OF YET
ZEUS APOLLO PROMISE FROM NOVA,N/A,NOT UPLOADED AS OF YET
NUMBER NOVA,N/A,NOT UPLOADED AS OF YET
MIND AND ELYSIUM,N/A,NOT UPLOADED AS OF YET
GENESIS TO QUANTUM,N/A,NOT UPLOADED AS OF YET
MUHAMMEDS ALLAH,N/A,NOT UPLOADED AS OF YET
GREEN PARTY,N/A,NOT UPLOADED AS OF YET
SEVENTH SHIP IS IN,N/A,NOT UPLOADED AS OF YET
SCIENCE AND SHAMANS,N/A,NOT UPLOADED AS OF YET
WATCHING FOR ET,N/A,NOT UPLOADED AS OF YET
GENETIC SEA,N/A,NOT UPLOADED AS OF YET
COSMIC ZIP CODE,N/A,NOT UPLOADED AS OF YET
GALACTIC EMBRACE,N/A,NOT UPLOADED AS OF YET
WHO OPENS THE BOOK,N/A,NOT UPLOADED AS OF YET
LION AND BOOK,N/A,NOT UPLOADED AS OF YET
ONE HUNDRED FORTY FOUR THOUSAND,N/A,NOT UPLOADED AS OF YET
KEY FITS THE LOCK,N/A,NOT UPLOADED AS OF YET
LOOK THERES AN ANGEL,N/A,NOT UPLOADED AS OF YET
DO YOU BELIEVE IN GOD,N/A,NOT UPLOADED AS OF YET
MONEY CHANGERS,N/A,NOT UPLOADED AS OF YET
IS ETA CARINA GOD,N/A,NOT UPLOADED AS OF YET
OSIRIS EYE,N/A,NOT UPLOADED AS OF YET
COSMIC COMPUTER,N/A,NOT UPLOADED AS OF YET
TRUTH SEEKERS,N/A,NOT UPLOADED AS OF YET
LIGHT AT THE GATE,N/A,NOT UPLOADED AS OF YET
THE SHAKING,N/A,NOT UPLOADED AS OF YET
URANUS THE SHAKING,N/A,NOT UPLOADED AS OF YET
COSMIC OM,N/A,NOT UPLOADED AS OF YET
WHEN THE STARS FALL,N/A,NOT UPLOADED AS OF YET
QUESTIONS AND ANSWERS,N/A,NOT UPLOADED AS OF YET
SYNCHRONOUS TERROR AND THE SINGLE EYE,N/A,NOT UPLOADED AS OF YET
REINCARNATION,N/A,NOT UPLOADED AS OF YET
"THE BIBLE, WHOSE WORD?",N/A,NOT UPLOADED AS OF YET
THE WORD WAS MADE WHAT?,N/A,NOT UPLOADED AS OF YET
EMERALD TABLETS PYRAMID OF 8,N/A,NOT UPLOADED AS OF YET
EMERALD TABLETS DEATH & TRANSFIGURATION,N/A,NOT UPLOADED AS OF YET
PHOTON GOD,N/A,NOT UPLOADED AS OF YET
ISAIAH CRUISING UP HIGHWAY 9,https://www.youtube.com/watch?v=_r0NeCtZpe8,OLD TESTAMENT
FIRE ON THE MOUNTAIN,https://www.youtube.com/watch?v=_reh3HRvr9c,OLD TESTAMENT
ISAIAH THE CAKE IS UPSIDE DOWN,https://www.youtube.com/watch?v=-bt4Hl_hROg,OLD TESTAMENT
BURNT OFFERINGS,https://www.youtube.com/watch?v=1AJnDr3-aUI,OLD TESTAMENT
FLOOD NOAH AND NOAA,https://www.youtube.com/watch?v=1XCTouRygmc,OLD TESTAMENT
NOAHS ARK TOWER OF BABEL,https://www.youtube.com/watch?v=2z3Zmt9mtR8,OLD TESTAMENT
SPLITTING THE ADAM,https://www.youtube.com/watch?v=3WtuFS_yUsY,OLD TESTAMENT
SOLOMON AND SIX SIX SIX,https://www.youtube.com/watch?v=4I6EsgEYGx0,OLD TESTAMENT
WHICH IS THE REAL GENESIS ?,https://www.youtube.com/watch?v=66KlL47rd7Y,OLD TESTAMENT
WHOSE SITTING ON GOD,N/A,OLD TESTAMENT
CREATION,https://www.youtube.com/watch?v=87DL2MGOPGQ,OLD TESTAMENT
MAKE BELIEVE PROSTITUTE,https://www.youtube.com/watch?v=9lSy3jv9XEk,OLD TESTAMENT
SAMSON AND DELILAH,https://www.youtube.com/watch?v=aLAH6vRy8FY,OLD TESTAMENT
RAPE OF THE VIRGIN,N/A,OLD TESTAMENT
GARDEN OF EDEN PART 1,https://www.youtube.com/watch?v=Bvq0G_HPYuM,OLD TESTAMENT
JONAH MAN OVERBOARD,https://www.youtube.com/watch?v=d4YsCqYqPnY,OLD TESTAMENT
ABRAHAM AND SARAH NEVER HAPPENED,https://www.youtube.com/watch?v=dH2bWKPoS_U,OLD TESTAMENT
"GARDEN OF EDEN, TREE OF LIFE",https://www.youtube.com/watch?v=eDORlvY5FyQ,OLD TESTAMENT
ABRAHAM DISHONEST ABE,https://www.youtube.com/watch?v=EIaUtG9aU5Q,OLD TESTAMENT
CHRISTIANITY FROM A FORTUNE TELLER AND A MAN FROM IRAN,https://www.youtube.com/watch?v=giKlJIgzMGk,OLD TESTAMENT
AN EYE FOR AN EYE,https://www.youtube.com/watch?v=GKsE066z5h8,OLD TESTAMENT
MILK AND HONEY IN THE GARDEN,https://www.youtube.com/watch?v=hkSJJu48Mow,OLD TESTAMENT
ISAIAH BOOK OF ISAIAH 1,https://www.youtube.com/watch?v=HUaLrOBo9Ng,OLD TESTAMENT
"ADAM AND EVE, CAIN AND ABEL",https://www.youtube.com/watch?v=i4HLXezX_T0,OLD TESTAMENT
JONAH AND SAMSON,https://www.youtube.com/watch?v=ij-iTWSj4CI,OLD TESTAMENT
MELCHIZEDEK DARK VISITOR PART 2,https://www.youtube.com/watch?v=JV0ldt-lOns,OLD TESTAMENT
"KING DAVID, MURDER AND MAYHEM",https://www.youtube.com/watch?v=kGpmJkLWbDU,OLD TESTAMENT
HE RAPED HIS SISTER,https://www.youtube.com/watch?v=LI3kAFT7i_I,OLD TESTAMENT
SODOM & GOMORRAH PART 1,https://www.youtube.com/watch?v=LW5v2z31LNk,OLD TESTAMENT
MELCHIZEDEK:TITHING TO MELCHIZEDEK,https://www.youtube.com/watch?v=M3qJmc1SfLk,OLD TESTAMENT
GODS CHOSEN SEX MACHINE,https://www.youtube.com/watch?v=meGRfmUlfYg,OLD TESTAMENT
SODOM & GOMORRAH PART 2,https://www.youtube.com/watch?v=NaCNN92iBMI,OLD TESTAMENT
ABRAHAM 90 YEAR OLD SARAH IS PREGNANT,https://www.youtube.com/watch?v=o38lsNVTq5s,OLD TESTAMENT
GARDEN OF EDEN PART 2,https://www.youtube.com/watch?v=ppGwLXlWkK8,OLD TESTAMENT
PHOTON: COLOR COAT,https://www.youtube.com/watch?v=qcAzb9r9_pk,OLD TESTAMENT
MELCHIZEDEK: DARK VISITOR PART 1,https://www.youtube.com/watch?v=QEtBulDqIg8,OLD TESTAMENT
BARREN BECKY GIVES BIRTH,https://www.youtube.com/watch?v=QHiVc1gRNaE,OLD TESTAMENT
ABRAHAM I WANT YOU TO KILL THE KID,https://www.youtube.com/watch?v=rPSjzM14vLA,OLD TESTAMENT
DAVID AND GOLIATH,https://www.youtube.com/watch?v=SERgIcIMEt4,OLD TESTAMENT
TWENTY THIRD PSALM,https://www.youtube.com/watch?v=St2Lik__kRw,OLD TESTAMENT
HOW HOLY IS HOLY COMMUNION ?,https://www.youtube.com/watch?v=TTeWpHVBZyE,OLD TESTAMENT
PASTORS HAVE MADE A MESS,https://www.youtube.com/watch?v=TzdDHTIHyHA,OLD TESTAMENT
ABRAHAM KILL YOUR SON,https://www.youtube.com/watch?v=u_0DHRBef-c,OLD TESTAMENT
POWER OF EL,https://www.youtube.com/watch?v=UqZI6Hg9gag,OLD TESTAMENT
HAND WITH NO ARM,https://www.youtube.com/watch?v=v1-ao16dkKU,OLD TESTAMENT
BARREN AND THE CIRCUMCISED,N/A,OLD TESTAMENT
ARE YOU READY TO GO,https://www.youtube.com/watch?v=YLp0wfDBi1U,OLD TESTAMENT
JACOBS LADDER,https://www.youtube.com/watch?v=yNwaYm4dKgk,OLD TESTAMENT
JONAH TALL TALE & A HUNGRY WHALE,https://www.youtube.com/watch?v=Z-LCgunkvwA,OLD TESTAMENT
ALONG COMES RACHEL,https://www.youtube.com/watch?v=ZstFtsA9kUU,OLD TESTAMENT
JUNG: RELIGION BREAKS THE SPIRIT,https://www.youtube.com/watch?v=ExCMKBPc6PA,OTHER WRITERS
BHAGWAN RAJNEESH,https://www.youtube.com/watch?v=g6flzbOpTYE,OTHER WRITERS
BLAVATSKY: IN THE PARLOR OF MADAM BLAVATSKY,N/A,OTHER WRITERS
GOLDSMITH : SHARING THE GREAT SECRET OF JOEL GOLDSMITH,https://www.youtube.com/watch?v=KFMDyyxDvM0,OTHER WRITERS
"JUNG: GOD: MOTHER GOD, FATHER EARTH",https://www.youtube.com/watch?v=Oaods9ErWpc,OTHER WRITERS
CAMPBELL: SOCIETY IS DEAD,https://www.youtube.com/watch?v=PcNiWlKHG3I,OTHER WRITERS
JUNG: GNOSTICS,https://www.youtube.com/watch?v=sww66LdHKt0,OTHER WRITERS
PARALLEL WORLDS,https://www.youtube.com/watch?v=5d4PTHbOu3w,PARALLEL UNIVERSE
"WHAT'S HAPPENING NOW, HAPPENED BEFORE",https://www.youtube.com/watch?v=outLxRkb5KM,PARALLEL UNIVERSE
SECRET WORLD,https://www.youtube.com/watch?v=TEGuj2YAYQY,PARALLEL UNIVERSE
PARALLEL UNIVERSE THE FACE IN THE MIRROR,https://www.youtube.com/watch?v=xip_ivar0OE,PARALLEL UNIVERSE
PARALLEL UNIVERSE,N/A,PARALLEL UNIVERSE
RELIGIOUS CHILD ABUSE,https://www.youtube.com/watch?v=Ec_P3ovFLW8,PEDOPHILIA
ANGELS OF LIGHT,https://www.youtube.com/watch?v=_u2l58MPEOc,PHOTON
"PHOTON, GOD AND US, WHAT'S IT ALL ABOUT ?",https://www.youtube.com/watch?v=-SXFQLvtFQ8,PHOTON
PROVING GOD BY PROVING LIGHT,https://www.youtube.com/watch?v=2jkM_a2o4GE,PHOTON
PHOTON GO FORTH,https://www.youtube.com/watch?v=2qJJ5kmtkZQ,PHOTON
KNOCK KNOCK ANYBODY THERE?,https://www.youtube.com/watch?v=9Jvq0TYWtv0,PHOTON
YOU AS PHOTON CANNOT DIE,https://www.youtube.com/watch?v=bKJHZGssey4,PHOTON
KING PHOTON,https://www.youtube.com/watch?v=BwsJ7qaMQIw,PHOTON
QUANTUM ENTANGLEMENT: THE MESSENGER,N/A,PHOTON
PHOTON PROVES GOD,https://www.youtube.com/watch?v=ifiweDVAN1c,PHOTON
SEEING IN A NEW LIGHT,https://www.youtube.com/watch?v=jsLHOeq4K0E,PHOTON
"PHOTON LIGHT ANGLES, ARE ANGELS",https://www.youtube.com/watch?v=KUZnkec69Tc,PHOTON
QUANTUM: LIGHT AND LUNACY,https://www.youtube.com/watch?v=lfbZxkRKhUA,PHOTON
WE ARE LIGHT PARTICLES IN BODIES,https://www.youtube.com/watch?v=lM-GLdyKr-o,PHOTON
THE INVISIBLE ONES,N/A,PHOTON
SPOOKY STUFF,N/A,PHOTON
SPIRIT AND QUANTUM,https://www.youtube.com/watch?v=qpYSmtwDfUY,PHOTON
INVISIBLE ALIEN,https://www.youtube.com/watch?v=sQaR_1NBMJE,PHOTON
PHOTON EXPERIMENT,https://www.youtube.com/watch?v=v0-ACRPfxPo,PHOTON
RELIGION THE BIBLE AND PHOTON,https://www.youtube.com/watch?v=WcoRmdCzK1s,PHOTON
LIGHT PERSON,https://www.youtube.com/watch?v=wRRiEPK7L8s,PHOTON
SOMEONE OUT THERE IS CALLING,https://www.youtube.com/watch?v=ycuVRtdncIc,PHOTON
PHOTON YOU,N/A,PHOTON
INVISIBLE PHOTON,N/A,PHOTON
"PHOTON, SOUND, KARMA, THE WAVE",https://www.youtube.com/watch?v=ZPDalMEpOqw,PHOTON
PINEAL: ENTER QUASAR,https://www.youtube.com/watch?v=b6dfVBbKmP8,PINEAL GLAND SINGLE EYE
"PINEAL, BRAIN, AND THE DARK EYED WOMAN",https://www.youtube.com/watch?v=D7DMgDpXsIs,PINEAL GLAND SINGLE EYE
TALKING TO THE PINEAL,https://www.youtube.com/watch?v=LuxntX7Emzk,PINEAL GLAND SINGLE EYE
WRESTLING MATCH IN PINEAL,https://www.youtube.com/watch?v=P56GCxHuQ60,PINEAL GLAND SINGLE EYE
PINEAL TEMPLE,https://www.youtube.com/watch?v=sxGtnlFzgpM,PINEAL GLAND SINGLE EYE
LET'S GET STONED,https://www.youtube.com/watch?v=vRBw7GJWQrM,PINEAL GLAND SINGLE EYE
PSYCHEDELIC PINEAL GLAND,N/A,PINEAL GLAND SINGLE EYE
PRAYER: DEADLY PRAYER,https://www.youtube.com/watch?v=XH0COFGIrtw,PRAYER
QUANTUM LEAP,https://www.youtube.com/watch?v=_cPKsU68zCo,QUANTUM
THE MAGNIFICENT TWINS,https://www.youtube.com/watch?v=5gJA5V4F-FI,QUANTUM
AM I SEEING THINGS,https://www.youtube.com/watch?v=DSGgOS5p0Z4,QUANTUM
QUANTUM: YOU AND THE UNIVERSE,https://www.youtube.com/watch?v=GZ--TgpD0PI,QUANTUM
DARK SECRETS,https://www.youtube.com/watch?v=MAiTtdWawsk,QUANTUM
THEOBSERVER,https://www.youtube.com/watch?v=mrILObEVmj8,QUANTUM
WAVE THE MEAT OR WAVE THE PHOTON,https://www.youtube.com/watch?v=n6Hy-F-w8U4,QUANTUM
THE TORN CURTAIN,https://www.youtube.com/watch?v=O84qNLYXVZ8,QUANTUM
SPACE AND TIME,https://www.youtube.com/watch?v=oQnQhW_RdVA,QUANTUM
THE NEXT WORLD,https://www.youtube.com/watch?v=pRYjZYUsDhs,QUANTUM
WIMPS IN THE WIND,https://www.youtube.com/watch?v=XijiXXPqZoM,QUANTUM
REINCARNATION AND SCIENCE,https://www.youtube.com/watch?v=3H8Yvq2qIk8,REINCARNATION
RADICAL REINCARNATION,https://www.youtube.com/watch?v=Iyi2X5wWhHE,REINCARNATION
PREPARATION FOR REINCARNATION,https://www.youtube.com/watch?v=kHEuBvnJI8M,REINCARNATION
REINCARNATION & SANTA CLAUS,https://www.youtube.com/watch?v=TP3SqKvvaCk,REINCARNATION
CHILDRENS PAST LIVES,https://www.youtube.com/watch?v=ySvdP5Vn-WU,REINCARNATION
CONSTANTINE DARK AGES,https://www.youtube.com/watch?v=_2_7kHStRw0,RELIGION
CHRISTIAN HERITAGE FROM THE DARK AGES,https://www.youtube.com/watch?v=_EVT39GZgDE,RELIGION
TANGLED WEB,https://www.youtube.com/watch?v=_zCuaovQDnU,RELIGION
CHRISTIANITY: ORIGIN OF CHRISTIANITY,https://www.youtube.com/watch?v=0RFCZ-M6odw,RELIGION
RELIGION AND SOCIETIES OF EVIL,https://www.youtube.com/watch?v=1pKO8uhnrK8,RELIGION
PARENTS BEGINNING OF TROUBLE,https://www.youtube.com/watch?v=2_sAIFaQV-w,RELIGION
THOSE WHO IGNORE THE SIGNS,https://www.youtube.com/watch?v=4x81JgMMEV0,RELIGION
RELIGION VS REALITY,https://www.youtube.com/watch?v=7BAdplK9dDA,RELIGION
GNOSTICS THE GREAT SECRET,https://www.youtube.com/watch?v=8nlXiO9GnZ8,RELIGION
TRUTH SLAYERS,https://www.youtube.com/watch?v=9JYJJOTDXOA,RELIGION
RELIGIOUS HYPOCRITES,N/A,RELIGION
HELL: IS THERE A HELL,N/A,RELIGION
RELIGION VS TRUTH,https://www.youtube.com/watch?v=ApKisBMRrcg,RELIGION
RELIGION IS A CULT,https://www.youtube.com/watch?v=bbYNc2YrYHM,RELIGION
KABALA ANCIENT MAGIC,https://www.youtube.com/watch?v=BJOanqZsOEA,RELIGION
ANGELS: SEND AN ANGEL,https://www.youtube.com/watch?v=CzeFnlCDdl4,RELIGION
PEDOPHILIA AND RELIGION,https://www.youtube.com/watch?v=czj9HrxfMkc,RELIGION
RELIGION IS MYTHOLOGY,N/A,RELIGION
TITHING PART 1,https://www.youtube.com/watch?v=eG5RrnO07S8,RELIGION
GOD MADE ME DO IT,https://www.youtube.com/watch?v=enk63MKrEbU,RELIGION
WHO TOLD US WHAT TO BELIEVE ?,https://www.youtube.com/watch?v=eqLJ3D0WA1c,RELIGION
THINGS WE THOUGHT WE KNEW BUT REALLY DID NOT,N/A,RELIGION
RELIGION EQUALS CONFLICT,https://www.youtube.com/watch?v=im7eLSAMOmA,RELIGION
HOLY DAYS AND THE MIND,https://www.youtube.com/watch?v=IYi-z_S07Z0,RELIGION
WHO STARTED RELIGION,https://www.youtube.com/watch?v=jBVca4VWRxE,RELIGION
CHERUBIM AND CEREBRUM,https://www.youtube.com/watch?v=lFkikuwG2U0,RELIGION
PRAYER: PUBLIC PRAYER,https://www.youtube.com/watch?v=LG2Vig40d7c,RELIGION
MANY GODS BORN OF VIRGINS,https://www.youtube.com/watch?v=MV61zuIm7t4,RELIGION
EVERYONE IS AN ATHEIST,https://www.youtube.com/watch?v=mYmxRqYdVHY,RELIGION
OUR BIZARRE BELIEFS,https://www.youtube.com/watch?v=N_pEQGeQu3E,RELIGION
RELIGIONISTS,https://www.youtube.com/watch?v=nMf3dyEUME0,RELIGION
KEEP YOUR TEN PERCENT,https://www.youtube.com/watch?v=NSdhVJQ5WsM,RELIGION
CHRISTIANITY OR CHRIST,https://www.youtube.com/watch?v=NuQ17gZyzRw,RELIGION
RELIGIONS PROBLEM WITH WOMEN,https://www.youtube.com/watch?v=ovSPggzSZiU,RELIGION
RELIGION AND SCARY PEOPLE,https://www.youtube.com/watch?v=oWIcshXKRZk,RELIGION
CHRISTIANITY FROM ANCIENT CULTS,N/A,RELIGION
TALKING IN TONGUES,https://www.youtube.com/watch?v=pR5JFO8Wd10,RELIGION
DANGEROUS RELIGION,https://www.youtube.com/watch?v=QPIAnYPvS8U,RELIGION
PRAYER: WHAT IS PRAYER ?,https://www.youtube.com/watch?v=QTgacw-KijY,RELIGION
STRANGE ONES INSTRUCTED US,N/A,RELIGION
KABALA: ZOHAR KABBALA,https://www.youtube.com/watch?v=ryyOiZXp-74,RELIGION
IT'S ALL A MYTH,N/A,RELIGION
ROAD BACK,https://www.youtube.com/watch?v=TA5NLAT-aXk,RELIGION
YOU CAN'T BE ONE WITH ANYTHING,https://www.youtube.com/watch?v=TdSjuqmAbd0,RELIGION
SALVATION FROMWHAT,https://www.youtube.com/watch?v=u0vA_JFE5Vs,RELIGION
NIGHTMARE CALLED RELIGION,https://www.youtube.com/watch?v=uovcc6sDAdU,RELIGION
CHURCH TYRANTS,https://www.youtube.com/watch?v=WjCI62Fy3mw,RELIGION
TITHING PART 2,https://www.youtube.com/watch?v=wqFay9U5sFM,RELIGION
ISLAM: UNDERSTANDING ALLAH,N/A,RELIGION
EVILS OF RELIGION,https://www.youtube.com/watch?v=xeO3ysHo2-0,RELIGION
NEW AGE VS OLD AGE,https://www.youtube.com/watch?v=xMIKPhORQ4w,RELIGION
COSMIC SEX PART 2,https://www.youtube.com/watch?v=c6ICE87KoMM,SEX
BIBLICAL SEX,https://www.youtube.com/watch?v=cqDst-Pv2F4,SEX
STRANGE BIBLICAL SEX,https://www.youtube.com/watch?v=tx_Ygtuye8Y,SEX
COSMIC SEX PART 1,https://www.youtube.com/watch?v=Z5gK1sD3-do,SEX
SKEPTIC,https://www.youtube.com/watch?v=DnL1NHTkVPU,SKEPTIC
UNDERSTANDING ANCIENT SYMBOLS,https://www.youtube.com/watch?v=5AwF4nIi6es,SYMBOLS & NUMBERS
CROP FORMATIONS,https://www.youtube.com/watch?v=7IB_JH91L-A,SYMBOLS & NUMBERS
DELTA ABOVE AND BELOW,https://www.youtube.com/watch?v=8S6lSTU1uDo,SYMBOLS & NUMBERS
UNDERSTANDING SYMBOLIC LANGUAGE,https://www.youtube.com/watch?v=ATGQ7AxLziU,SYMBOLS & NUMBERS
"ADAM ATOM, ANGLE ANGEL",https://www.youtube.com/watch?v=cgX9kc6BuNc,SYMBOLS & NUMBERS
GREEN LIGHT,https://www.youtube.com/watch?v=CHnkWQQzksY,SYMBOLS & NUMBERS
NUMBER SEVEN,https://www.youtube.com/watch?v=eek29HoW49c,SYMBOLS & NUMBERS
GREEN THING,N/A,SYMBOLS & NUMBERS
BEHIND THE GREEN DOOR,https://www.youtube.com/watch?v=iNmW4AuDc6g,SYMBOLS & NUMBERS
TRIANGLE MYSTERY,https://www.youtube.com/watch?v=j9KOeIyLq6k,SYMBOLS & NUMBERS
NINE SISTERS,https://www.youtube.com/watch?v=pKLmPxm20zE,SYMBOLS & NUMBERS
CIRCLE AND SYMBOLS,https://www.youtube.com/watch?v=u4dYieVEuPo,SYMBOLS & NUMBERS
WINDING STAIRS,https://www.youtube.com/watch?v=vdywA-bp61A,SYMBOLS & NUMBERS
WORD ORIGINS: ISRAEL AND PINEAL,https://www.youtube.com/watch?v=WRqKfNNJqME,SYMBOLS & NUMBERS
TELEPORTATION,N/A,TELEPORTATION
TELEPORTING YOU AND ME,https://www.youtube.com/watch?v=9eVH8gIFcm4,TELEPORTATION
LIFT OFF,https://www.youtube.com/watch?v=_OuPmYklimc,THE BOOK OF REVELATION
SERPENT AND THE WOMAN,https://www.youtube.com/watch?v=_PZFZNs5EUU,THE BOOK OF REVELATION
YOUR INHERITANCE,https://www.youtube.com/watch?v=-X-fIEv4RF0,THE BOOK OF REVELATION
SEVENTH ANGEL & THE WHITE HORSE,https://www.youtube.com/watch?v=21Pg4kY83lk,THE BOOK OF REVELATION
TRUMPET TALKS,https://www.youtube.com/watch?v=2ZYjHcdz0To,THE BOOK OF REVELATION
DEAD LAMB,https://www.youtube.com/watch?v=4HZllX-blRQ,THE BOOK OF REVELATION
A NEW NAME,https://www.youtube.com/watch?v=a0a1-umo4FA,THE BOOK OF REVELATION
MAN WITH SEVEN STARS,https://www.youtube.com/watch?v=bvPeK6uOTXs,THE BOOK OF REVELATION
WAS THE CRUCIFIXION IN JERUSALEM OR EGYPT ?,https://www.youtube.com/watch?v=CNqkI1FhStQ,THE BOOK OF REVELATION
I COME QUICKLY,https://www.youtube.com/watch?v=DklV7lZMuFA,THE BOOK OF REVELATION
THE GOLDEN GIRDLE,https://www.youtube.com/watch?v=EMws-CX0-bs,THE BOOK OF REVELATION
"THREE SEVENS, CHAKRAS, SEALS, CHURCHES",https://www.youtube.com/watch?v=FYgThvcmm5M,THE BOOK OF REVELATION
SYNAGOGUE OF SATAN,https://www.youtube.com/watch?v=gqe-fDBSLgA,THE BOOK OF REVELATION
FOUR HORSES OF THE APOCALYPSE,https://www.youtube.com/watch?v=H6DoT4BbH8M,THE BOOK OF REVELATION
EYE IN THE SKY,https://www.youtube.com/watch?v=HtXWLbbB8-I,THE BOOK OF REVELATION
OPEN THE SEVEN SEALS,https://www.youtube.com/watch?v=I9pQLEpKC4M,THE BOOK OF REVELATION
WOMAN AND THE SEA,https://www.youtube.com/watch?v=kdqd5UvAoNo,THE BOOK OF REVELATION
JESUS RETURNS IN A HAIL OF BULLETS,https://www.youtube.com/watch?v=lpNPUvJGEtI,THE BOOK OF REVELATION
SIX SIX SIX,https://www.youtube.com/watch?v=m0hqgwo297g,THE BOOK OF REVELATION
SEVENTH ANGEL AND FIRE,https://www.youtube.com/watch?v=m5xPj8PJhCE,THE BOOK OF REVELATION
BABYLON HAS FALLEN,https://www.youtube.com/watch?v=N0Z0PSxNEKA,THE BOOK OF REVELATION
MEASURE THE CITY,https://www.youtube.com/watch?v=nPWCNj0H4Ko,THE BOOK OF REVELATION
LAMBS WIFE,https://www.youtube.com/watch?v=OJcgH9I3kb8,THE BOOK OF REVELATION
SUN SAVIOR,https://www.youtube.com/watch?v=Q0LHKD-9JKc,THE BOOK OF REVELATION
BEAST WITH SIX WINGS,N/A,THE BOOK OF REVELATION
AS A THIEF,https://www.youtube.com/watch?v=ry4JbF7JROw,THE BOOK OF REVELATION
YOU LEFT YOUR FIRST LOVE,https://www.youtube.com/watch?v=RYYL-Ic9kds,THE BOOK OF REVELATION
EYE AND SEVEN SEALS,https://www.youtube.com/watch?v=sECJPybKPg8,THE BOOK OF REVELATION
BUILDING THE WALL,N/A,THE BOOK OF REVELATION
ARMAGEDDON MYTH,N/A,THE BOOK OF REVELATION
666 AND 144,https://www.youtube.com/watch?v=ULdts2OlZcg,THE BOOK OF REVELATION
LIGHTED SEVEN,https://www.youtube.com/watch?v=URCaLkRa8HM,THE BOOK OF REVELATION
ARMAGEDDON,N/A,THE BOOK OF REVELATION
AROUND THE THRONE,https://www.youtube.com/watch?v=vyg8Djv0D3U,THE BOOK OF REVELATION
REVELATION PRIMER,https://www.youtube.com/watch?v=WE6xrEnIdeM,THE BOOK OF REVELATION
MARRIAGE OF THE SUN,https://www.youtube.com/watch?v=wRD5ArTB3Kc,THE BOOK OF REVELATION
SMOKE GETS IN YOUR EYES,https://www.youtube.com/watch?v=wRhDCjkF_aw,THE BOOK OF REVELATION
DARK SAYINGS,https://www.youtube.com/watch?v=XqFl-gzHOVs,THE BOOK OF REVELATION
FOREHEAD,https://www.youtube.com/watch?v=YhCT3xDfAfM,THE BOOK OF REVELATION
SEA CALLED CRYSTAL,https://www.youtube.com/watch?v=ZiMZO_qCaMk,THE BOOK OF REVELATION
WHERE VULTURES GATHER,https://www.youtube.com/watch?v=-XIeOX-ex7k,THE NEW TESTAMENT & JESUS TEACHINGS
JESUS STRANGE ENCOUNTER,https://www.youtube.com/watch?v=1OUQxSNaRNs,THE NEW TESTAMENT & JESUS TEACHINGS
DEAD MAN AT THE GATE,https://www.youtube.com/watch?v=2bWL8T_cUyI,THE NEW TESTAMENT & JESUS TEACHINGS
WHATS WRONG WITH YOU,https://www.youtube.com/watch?v=41scBHZTPTY,THE NEW TESTAMENT & JESUS TEACHINGS
POWER WITHIN,https://www.youtube.com/watch?v=5d4SKmLZwcM,THE NEW TESTAMENT & JESUS TEACHINGS
LET THE DEAD BURY THE DEAD,https://www.youtube.com/watch?v=6XFMP6bwOqI,THE NEW TESTAMENT & JESUS TEACHINGS
"NEW HEAVEN A NEW EARTH, A NEW YOU",https://www.youtube.com/watch?v=7r2pCJDm8LU,THE NEW TESTAMENT & JESUS TEACHINGS
MYSTERY OF THE BREAD AND WINE,https://www.youtube.com/watch?v=83arrpUlcIs,THE NEW TESTAMENT & JESUS TEACHINGS
VINEYARD IN US,https://www.youtube.com/watch?v=9-t-dOzFQes,THE NEW TESTAMENT & JESUS TEACHINGS
SEVEN BROTHERS,https://www.youtube.com/watch?v=A7iyyDKlXh0,THE NEW TESTAMENT & JESUS TEACHINGS
KINGDOM OF LIGHT,https://www.youtube.com/watch?v=AsMAfb6tFnw,THE NEW TESTAMENT & JESUS TEACHINGS
NEW COVENANT,https://www.youtube.com/watch?v=bIl-QSRF1Tk,THE NEW TESTAMENT & JESUS TEACHINGS
JESUS: THE HIDING PLACE,https://www.youtube.com/watch?v=bNqYzYKuPWw,THE NEW TESTAMENT & JESUS TEACHINGS
JESUS: THE KINGDOM LIKE A NET,https://www.youtube.com/watch?v=ceOSwjGUbHI,THE NEW TESTAMENT & JESUS TEACHINGS
VINEYARD ON THE RIGHT SIDE,https://www.youtube.com/watch?v=cMZGzIQw92E,THE NEW TESTAMENT & JESUS TEACHINGS
RENDER TO CAESAR,https://www.youtube.com/watch?v=D5oaLLjBsRg,THE NEW TESTAMENT & JESUS TEACHINGS
I WASH MY HANDS OF THIS MESS,https://www.youtube.com/watch?v=dWl7WN9B0lg,THE NEW TESTAMENT & JESUS TEACHINGS
JESUS THE BLASPHEMER,https://www.youtube.com/watch?v=eoh7ZEHDDRg,THE NEW TESTAMENT & JESUS TEACHINGS
JUDAS WASN'T A BAD GUY AFTER ALL,N/A,THE NEW TESTAMENT & JESUS TEACHINGS
LITTLE BOY LOST AND FORTY TWQO,https://www.youtube.com/watch?v=fMuW1_p5FWk,THE NEW TESTAMENT & JESUS TEACHINGS
RESURRECTION ALWAYS WAS,https://www.youtube.com/watch?v=FngkNftJUX4,THE NEW TESTAMENT & JESUS TEACHINGS
SECOND COMING OF CHRIST,https://www.youtube.com/watch?v=fRCWPg6N0HM,THE NEW TESTAMENT & JESUS TEACHINGS
DROP YOUR PANTS AND RUN,https://www.youtube.com/watch?v=G0CP9B31rWI,THE NEW TESTAMENT & JESUS TEACHINGS
"GOODBYE JESUS, COUNT ME OUT",https://www.youtube.com/watch?v=gQJs-D0kJT0,THE NEW TESTAMENT & JESUS TEACHINGS
THE JESUS NOBODY KNOWS,https://www.youtube.com/watch?v=GXBgPeZCipI,THE NEW TESTAMENT & JESUS TEACHINGS
VIRGIN BIRTH,https://www.youtube.com/watch?v=h_1UEiEwWeA,THE NEW TESTAMENT & JESUS TEACHINGS
COCK CROWS,https://www.youtube.com/watch?v=il_5_RrD-JA,THE NEW TESTAMENT & JESUS TEACHINGS
BORN AGAIN A GOOD IDEA ?,https://www.youtube.com/watch?v=IVKaubfzzUI,THE NEW TESTAMENT & JESUS TEACHINGS
CRUCIFIXION IS IN YOUR SKULL,https://www.youtube.com/watch?v=ivlzX3zMLvs,THE NEW TESTAMENT & JESUS TEACHINGS
STARS ARE FALLING,https://www.youtube.com/watch?v=Ix9NIeKVwiY,THE NEW TESTAMENT & JESUS TEACHINGS
SUN AND THE CHRIST,N/A,THE NEW TESTAMENT & JESUS TEACHINGS
JESUS: CONFRONTING JESUS,https://www.youtube.com/watch?v=jxRNti6lmaA,THE NEW TESTAMENT & JESUS TEACHINGS
BOSS CHECKS THE JOB,https://www.youtube.com/watch?v=kLG9b3xr4J8,THE NEW TESTAMENT & JESUS TEACHINGS
WOMANS FAITH,https://www.youtube.com/watch?v=kSr1Plo7uIA,THE NEW TESTAMENT & JESUS TEACHINGS
ALONE ON AN ISLAND,https://www.youtube.com/watch?v=l5w2qL2jrEA,THE NEW TESTAMENT & JESUS TEACHINGS
WHAT THE HECK IS THAT ?,https://www.youtube.com/watch?v=l5zi5ZxSBZk,THE NEW TESTAMENT & JESUS TEACHINGS
TO KNOW CHRIST KNOW YOURSELF,https://www.youtube.com/watch?v=LLO-eGP4Dlk,THE NEW TESTAMENT & JESUS TEACHINGS
MIRACLES AND CLOSE FRIENDS,https://www.youtube.com/watch?v=lVqjnUzqCzY,THE NEW TESTAMENT & JESUS TEACHINGS
LET THE DECEIVER BE DECEIVED,https://www.youtube.com/watch?v=lvtNCxy-dEE,THE NEW TESTAMENT & JESUS TEACHINGS
DOOM STORY,https://www.youtube.com/watch?v=m7r0_bDKXS0,THE NEW TESTAMENT & JESUS TEACHINGS
DONT TROUBLE THE WOMAN,https://www.youtube.com/watch?v=MP46wbVsvGE,THE NEW TESTAMENT & JESUS TEACHINGS
IF I COULD TOUCH THE HEM,https://www.youtube.com/watch?v=nqz3IoeUxEo,THE NEW TESTAMENT & JESUS TEACHINGS
AS IN THE DAYS OF NOAH,https://www.youtube.com/watch?v=oETQqFnNWMU,THE NEW TESTAMENT & JESUS TEACHINGS
"CRUCIFIXION, COSMIC MIND, AND THE BIBLE",https://www.youtube.com/watch?v=OyGv9_C_p2w,THE NEW TESTAMENT & JESUS TEACHINGS
UP ON THE ROOF,https://www.youtube.com/watch?v=PAyo21oaOL8,THE NEW TESTAMENT & JESUS TEACHINGS
ONE BECOMES TWO,https://www.youtube.com/watch?v=PnoJCJnI5Lw,THE NEW TESTAMENT & JESUS TEACHINGS
RICH OWN THE TOMB,https://www.youtube.com/watch?v=prLaae7q1ig,THE NEW TESTAMENT & JESUS TEACHINGS
PARABLES,https://www.youtube.com/watch?v=Ps6Kswt1cog,THE NEW TESTAMENT & JESUS TEACHINGS
WHAT DOES BLOOD SACRIFICE REALLY MEAN ?,https://www.youtube.com/watch?v=PSZrt6m7AQE,THE NEW TESTAMENT & JESUS TEACHINGS
JESUS CHRISTIANITY LOST JESUS,https://www.youtube.com/watch?v=Q13GGcIrKeg,THE NEW TESTAMENT & JESUS TEACHINGS
JESUS TEACHING: I AM,https://www.youtube.com/watch?v=q7g2msGqNNc,THE NEW TESTAMENT & JESUS TEACHINGS
KEYS TO THE KINGDOM,https://www.youtube.com/watch?v=QBQlbdpaV2w,THE NEW TESTAMENT & JESUS TEACHINGS
DECEIVER IS GONE,https://www.youtube.com/watch?v=qhS1BusRMcM,THE NEW TESTAMENT & JESUS TEACHINGS
THE GREAT WEDDING,https://www.youtube.com/watch?v=Qm1ZrHtd5zs,THE NEW TESTAMENT & JESUS TEACHINGS
JESUS ABANDONED RELIGION,N/A,THE NEW TESTAMENT & JESUS TEACHINGS
JESUS WAS JESUS A MYTH,https://www.youtube.com/watch?v=RRCcQcUC4K4,THE NEW TESTAMENT & JESUS TEACHINGS
JESUS WE CHANGED,https://www.youtube.com/watch?v=sV6p-5-ai_w,THE NEW TESTAMENT & JESUS TEACHINGS
BETRAYEL,https://www.youtube.com/watch?v=tmj9xubecGw,THE NEW TESTAMENT & JESUS TEACHINGS
HOLY HYPOCRITES,https://www.youtube.com/watch?v=Tov06g5njIA,THE NEW TESTAMENT & JESUS TEACHINGS
WHAT IS CHRIST ?,https://www.youtube.com/watch?v=tOVLRyzIdv8,THE NEW TESTAMENT & JESUS TEACHINGS
MATTHEWS GREATEST HITS PART 2,https://www.youtube.com/watch?v=tuR4JUQH3hg,THE NEW TESTAMENT & JESUS TEACHINGS
WATER OF LIFE,https://www.youtube.com/watch?v=TwBSU2HjelI,THE NEW TESTAMENT & JESUS TEACHINGS
DEATH OF JOHN THE BAPTIST WHAT DOES IT MEAN ?,https://www.youtube.com/watch?v=UEOS9HoBpUY,THE NEW TESTAMENT & JESUS TEACHINGS
ALL THIS MUST HAPPEN,https://www.youtube.com/watch?v=uVvt3yqBDMU,THE NEW TESTAMENT & JESUS TEACHINGS
MANY ARE CALLED FEW ARE CHOSEN,https://www.youtube.com/watch?v=VidMj3isy8s,THE NEW TESTAMENT & JESUS TEACHINGS
CRUCIFIXION AND COMMON SENSE,N/A,THE NEW TESTAMENT & JESUS TEACHINGS
JESUS AND THE FIG TREE,https://www.youtube.com/watch?v=VOgOXtV70Iw,THE NEW TESTAMENT & JESUS TEACHINGS
WHAT DID JESUS MEAN ?,N/A,THE NEW TESTAMENT & JESUS TEACHINGS
JESUS WALKS ON WATER,https://www.youtube.com/watch?v=WcI-J5rnnHs,THE NEW TESTAMENT & JESUS TEACHINGS
WEAK INHERIT THE EARTH,https://www.youtube.com/watch?v=wKjKruC9S2Y,THE NEW TESTAMENT & JESUS TEACHINGS
TRUMPET AND THE FIG TREE,https://www.youtube.com/watch?v=XARIPyQc7mg,THE NEW TESTAMENT & JESUS TEACHINGS
OVERCOMING THE MIND,https://www.youtube.com/watch?v=y_GWgA_byzc,THE NEW TESTAMENT & JESUS TEACHINGS
WOMAN AT THE WELL,https://www.youtube.com/watch?v=Y26gFg_VYCc,THE NEW TESTAMENT & JESUS TEACHINGS
JESUS TEMPER,https://www.youtube.com/watch?v=yDuxIX-zZuY,THE NEW TESTAMENT & JESUS TEACHINGS
ONE STAYS THE OTHER GOES,https://www.youtube.com/watch?v=yg5V9koDvt8,THE NEW TESTAMENT & JESUS TEACHINGS
DRIVING OUT THE MONEY CHANGERS,https://www.youtube.com/watch?v=yh25kuzEOhE,THE NEW TESTAMENT & JESUS TEACHINGS
BEHOLD WHATS OBVIOUS,https://www.youtube.com/watch?v=yV9J-nut8YY,THE NEW TESTAMENT & JESUS TEACHINGS
JESUS AGAINST RELIGION,https://www.youtube.com/watch?v=ZdOz_W-qPIw,THE NEW TESTAMENT & JESUS TEACHINGS
PHALLIC FIG,https://www.youtube.com/watch?v=ZzBPz9UhufU,THE NEW TESTAMENT & JESUS TEACHINGS
SONG OF SONGS: MISSING PERSON ALERT,https://www.youtube.com/watch?v=-CC6pe393lQ,THE SONG OF SONGS
SONG OF SONGS: BEHOLD YOU ARE FAIR,https://www.youtube.com/watch?v=0rL-h3tHhfE,THE SONG OF SONGS
SONG OF SONGS: LITTLE FOXES,https://www.youtube.com/watch?v=hVXbLC4KWPc,THE SONG OF SONGS
SONG OF SONGS MAGIC GARDEN,https://www.youtube.com/watch?v=iP1dOi2-8O8,THE SONG OF SONGS
SONG OF SONGS: THE WATCHMAN KNOWS,https://www.youtube.com/watch?v=JPnNNK0J0So,THE SONG OF SONGS
SONG OF SONGS: WHAT'S HE LOOK LIKE,https://www.youtube.com/watch?v=Oukue9VAbOk,THE SONG OF SONGS
SONG OF SONGS: OUR BED IS GREEN,https://www.youtube.com/watch?v=pJP9rp-L-8M,THE SONG OF SONGS
SONG OF SONGS: THE ARMORY IS OPEN,https://www.youtube.com/watch?v=pqcIaJcXCv8,THE SONG OF SONGS
SONG OF SONGS: BETWEEN HER BREASTS,https://www.youtube.com/watch?v=sxCMdyaB6dQ,THE SONG OF SONGS
SONG OF SONGS: I MARRIED MY SISTER,https://www.youtube.com/watch?v=uXXedy7j-IE,THE SONG OF SONGS
SONG OF SONGS: THE VOICE OF THE TURTLE,https://www.youtube.com/watch?v=w-edLXN5HjI,THE SONG OF SONGS
TEN COMMANDMENTS PART 1,https://www.youtube.com/watch?v=_jrhpjyTDzU,THE TEN COMMANDMENTS
TEN COMMANDMENTS PART 5,N/A,THE TEN COMMANDMENTS
TEN COMMANDMENTS PART 4,https://www.youtube.com/watch?v=avXQW41SUXY,THE TEN COMMANDMENTS
TEN COMMANDMENTS PART 3,https://www.youtube.com/watch?v=aWx5mGwe87w,THE TEN COMMANDMENTS
TEN COMMANDMENTS PART 2,N/A,THE TEN COMMANDMENTS
TEN COMMANDMENTS PART 7,https://www.youtube.com/watch?v=QPJaUxHPIcc,THE TEN COMMANDMENTS
TEN COMMANDMENTS PART 6,N/A,THE TEN COMMANDMENTS
SUPERNOVA: SUPERSTAR DIES,https://www.youtube.com/watch?v=_Fcg5tQ5OnE,THE UNIVERSE
SUPERNOVA: COSMIC SUPER SICKLE AND MUCH MORE,https://www.youtube.com/watch?v=39yl7fhwQy4,THE UNIVERSE
EARTH SIGNS,https://www.youtube.com/watch?v=3Krb7zhBqN8,THE UNIVERSE
ORION: ANGEL OF ORION,N/A,THE UNIVERSE
ETA CARINA: DEATH OF ETA CARINA,https://www.youtube.com/watch?v=5F11uKsqf0E,THE UNIVERSE
SUPERNOVA: HUMAN LIFE FROM SUPERNOVA,https://www.youtube.com/watch?v=8gf-08CPmB0,THE UNIVERSE
LOOK UP THERE,https://www.youtube.com/watch?v=bfBIezvR6Rc,THE UNIVERSE
LOOK ITS THE FOURTH,https://www.youtube.com/watch?v=bIZ1LApd8JI,THE UNIVERSE
PLUTO AND GREEN LIGHT,https://www.youtube.com/watch?v=fFtoJWDyQ78,THE UNIVERSE
CELESTIAL HARMONY,https://www.youtube.com/watch?v=gljQ0QfV9ag,THE UNIVERSE
VORTEX EVERYWHERE,https://www.youtube.com/watch?v=hKfkxihZS1k,THE UNIVERSE
4555: YOUR HOME 4555,https://www.youtube.com/watch?v=KL2qQuABsPM,THE UNIVERSE
"TURN TURN TURN, THE COSMIC WHEEL",https://www.youtube.com/watch?v=Kuk19I0x0W4,THE UNIVERSE
SUN RETURNS,https://www.youtube.com/watch?v=lnFz8fcKB0I,THE UNIVERSE
STAR SIGN,https://www.youtube.com/watch?v=M9Jee7k39jY,THE UNIVERSE
SUPERNOVA: JESUS CHRIST SUPERNOVA,https://www.youtube.com/watch?v=MRVIzTuarmA,THE UNIVERSE
SUPERNOVA IN YOUR HEAD,https://www.youtube.com/watch?v=o-HPdIV-jm8,THE UNIVERSE
"LIGHT, PLUTO, AND THE BRAIN",https://www.youtube.com/watch?v=O45BlbtOlnY,THE UNIVERSE
ETA CARINA: ALL EYES ON ETA CARINA,https://www.youtube.com/watch?v=qqNetmFnKzM,THE UNIVERSE
PLANET 9 THE CROWN,https://www.youtube.com/watch?v=Ta-io0oViw0,THE UNIVERSE
HOLOGRAPHIC UNIVERSE,https://www.youtube.com/watch?v=TA5_U7Z8lis,THE UNIVERSE
CENTER MIND UNIVERSE,https://www.youtube.com/watch?v=vCIRNAqQYeE,THE UNIVERSE
PEGASUS THE DISCOVERY,https://www.youtube.com/watch?v=VmxdESdoekY,THE UNIVERSE
SUPERNOVA AND THE SICKLE,https://www.youtube.com/watch?v=zGA38kCQS3U,THE UNIVERSE
URANUS AND YOUR BODY,https://www.youtube.com/watch?v=_KWDcV_D-po,THE ZODIAC & COSMIC INFLUENCES
AQUARIUS: WHAT AQUARIUS MEANS TO YOU,https://www.youtube.com/watch?v=-wObnbky9pE,THE ZODIAC & COSMIC INFLUENCES
AQUARIUS: WHAT AQUARIUS MEANS TO YOU PART 2,N/A,THE ZODIAC & COSMIC INFLUENCES
PLUTO IS READY,https://www.youtube.com/watch?v=5YKp_o7GpIA,THE ZODIAC & COSMIC INFLUENCES
PLUTONIC VIOLENCE,https://www.youtube.com/watch?v=CBz6GmHxsM8,THE ZODIAC & COSMIC INFLUENCES
AQUARIUS CANT STOP BAD GUYS,https://www.youtube.com/watch?v=Em6gk9Al2vc,THE ZODIAC & COSMIC INFLUENCES
SYMBOLS IN THE SKY,https://www.youtube.com/watch?v=fgFjHW6syas,THE ZODIAC & COSMIC INFLUENCES
LET'S TALK ABOUT THE ZODIAC,https://www.youtube.com/watch?v=HyXL_Tsel0Q,THE ZODIAC & COSMIC INFLUENCES
STARS ARE SPEAKING,https://www.youtube.com/watch?v=kMy2yHBPr_U,THE ZODIAC & COSMIC INFLUENCES
ZODIAC & THE BIBLE,https://www.youtube.com/watch?v=loL03YF262Q,THE ZODIAC & COSMIC INFLUENCES
URANUS AND AQUARIUS,N/A,THE ZODIAC & COSMIC INFLUENCES
THE ZODIACAL CLOCK,https://www.youtube.com/watch?v=OcPnoS2L1co,THE ZODIAC & COSMIC INFLUENCES
URANUS: ALL ABOUT IT,https://www.youtube.com/watch?v=Qow8LTn10TI,THE ZODIAC & COSMIC INFLUENCES
URANUS AND THE CHAKRAS,https://www.youtube.com/watch?v=QPAVO2iPMUA,THE ZODIAC & COSMIC INFLUENCES
ASTROLOGY IN CHRISTIANITY,https://www.youtube.com/watch?v=RUqTrnfdM-Y,THE ZODIAC & COSMIC INFLUENCES
LET THEM BE FOR SIGNS,https://www.youtube.com/watch?v=sSjGBBuNh14,THE ZODIAC & COSMIC INFLUENCES
ROASTED LAMB,https://www.youtube.com/watch?v=sSjGBBuNh14,THE ZODIAC & COSMIC INFLUENCES
AQUARIUS: DOORWAY TO AQUARIUS,https://www.youtube.com/watch?v=wCCqJNIbXoA,THE ZODIAC & COSMIC INFLUENCES
ASTROLOGY IN THE NEW TSTAMENT,https://www.youtube.com/watch?v=wotYlL6kPgE,THE ZODIAC & COSMIC INFLUENCES
HEADACHE FROM THE STARS,https://www.youtube.com/watch?v=XxgxfPwFZe4,THE ZODIAC & COSMIC INFLUENCES
THE UNKNOWN EASTER TALE,https://www.youtube.com/watch?v=a8UenF53iCA,TRADITION
FAITH VS LOGIC,https://www.youtube.com/watch?v=DsZz67g7swA,TRADITION
COSMIC CHRISTMAS THE WORLD MISSED,https://www.youtube.com/watch?v=kHZZNOiaAj8,TRADITION
"EASTER SEX, BUNNIES BONNETS AND BIBLES",https://www.youtube.com/watch?v=o1zDKXkHE7k,TRADITION
EASTER & THE SEVEN STAIRS,https://www.youtube.com/watch?v=QcoJdXKGZbQ,TRADITION
CHRISTMAS WITHIN YOU,https://www.youtube.com/watch?v=QT9__e75GGw,TRADITION
ROUND AND ROUND WE GO,https://www.youtube.com/watch?v=v2rusREgc-M,TRADITION
EASTER VS PASSOVER,https://www.youtube.com/watch?v=wh7VbpXXh48,TRADITION
TRADITION,https://www.youtube.com/watch?v=wyx9huhJAiI,TRADITION
EVOLUTION IS IT RIGHT OR WRONG,https://www.youtube.com/watch?v=ZJQI_oB-3Uo,TRADITION
UFO'S AND RELIGION,https://www.youtube.com/watch?v=8MOhO0TXKZ0,UFOS & ALIENS
ALIEN DOLPHIN SPEAKS,https://www.youtube.com/watch?v=8TS-ELanqfY,UFOS & ALIENS
ALIENS AND RELIGION,https://www.youtube.com/watch?v=k0E00kagGOs,UFO'S & ALIENS
ET IS REAL,https://www.youtube.com/watch?v=l9-70XVmJGc,UFO'S & ALIENS
CONTACTING ET,N/A,UFO'S & ALIENS
WORD GAMES,https://www.youtube.com/watch?v=5m5jSg13H40,WORDS
YOGA,https://www.youtube.com/watch?v=PFGI_v-Bp8g,YOGA
ZOROASTER CREATED CHRISTIANITY,https://www.youtube.com/watch?v=55fCRqAlQoc,ZOROASTER
WHO IS AHURA MAZDA?,https://www.youtube.com/watch?v=Cof47pSYK_U,ZOROASTER
ZOROASTER,https://www.youtube.com/watch?v=RKmlhASUKDM,ZOROASTER
ZOROASTER FOUND JESUS STAR,https://www.youtube.com/watch?v=UoOJY58XdMc,ZOROASTER
DON'T TAKE MY SHADOW AWAY,https://www.youtube.com/watch?v=XPQoBe6z4ek,ZOROASTER
